Tegye az alábbi növényeket virágzási idejük kezdete szerint idõrendbe!;ibolya;rózsa;orgona;õszi rózsa;ACBD;BIOLÓGIA
Állítsa növekvõ sorrendbe az alábbi mesefigurákhoz tartozó számokat!;Hófehérke;Kismalac;a brémai muzsikusok;Ali baba;BCAD;FILM
Állítsa keletkezési sorrendbe a következõ regényeket! Kezdje a legrégebbivel!;Robinson Crusoe;A fekete gyémántok;Az öreg halász és a tenger;Svejk;ABDC;IRODALOM
Tegye születésük idõrendjébe az alábbi magyar írókat!;Mikszáth Kálmán;Németh László;Jókai Mór;Móricz Zsigmond;CADB;IRODALOM
Állítsa sorba a rovarok kifejlõdésének szakaszait! Kezdje a legkorábbi állapottal!;báb;pete;lárva;imágó;BCAD;BIOLÓGIA
Tegye az építészeti korszakokat idõrendi sorrendbe!;gótika;klasszicizmus;román;barokk;CADB;ÉPÍTÉSZET
Állítsa sorrendbe területük alapján az alábbi európai országokat! Kezdje a legnagyobbal!;Lengyelország;Luxemburg;Vatikán;Franciaország;DABC;FÖLDRAJZ
A legtöbb aranyérmet nyerttel kezdve állítsa sorrendbe az alábbi magyar olimpiai bajnokokat!;Egerszegi Krisztina;Kárpáti Rudolf;Darnyi Tamás;Gerevich Aladár;DBAC;SPORT
Állítsa sorba az alábbi nyelveket elterjedtségük mértéke szerint! Kezdje a legtöbbek által beszélt nyelvvel!;kínai;perzsa;török;arab;ADCB;NYELV
Állítsa nagyság szerinti sorrendbe a fõvárosokat a lakosság száma alapján! Kezdje a legnagyobbal!;Moszkva;Tokió;Mexikóváros;Athén;CBAD;ORSZÁGOK
Állítsa sorrendbe az emberi fogazat tagjait! Kezdje középrõl!;zápfog;metszõfog;bölcsességfog;szemfog;BDAC;BIOLÓGIA
Állítsa idõrendi sorrendbe a következõ zeneszerzõket! Kezdje a legrégebbivel!;Berlioz;Mozart;Purcell;Prokofjev;CBAD;OPERA
Tegye az alábbi növényeket virágzási idejük kezdete szerint idõrendi sorrendbe!;csokros tulipán;kecses liliom;tarka kikerics;pompás hóvirág;DABC;BIOLÓGIA
Tegyék a zenés filmeket forgatásuk idõpontja szerinti sorrendbe! Kezdjék a legkorábbival!;West Side Story;Kabaré;Ének az esõben;Hair;CABD;FILM
Állítsa sorrendbe az alábbi állatokat fejlettségük szerint! Kezdje a legfejlettlenebbel!;béka;krokodil;ponty;veréb;CABD;BIOLÓGIA
Állítsa idõrendi sorrendbe az alábbi régi magyar hónapneveket! Kezdje a legkorábbival!;Szent Iván hava;Mindszent hava;Pünkösd hava;Szent György hava;DCAB;ÁLTALÁNOS
Állítsa nagyság szerinti sorrendbe az alábbi vonós hangszereket! Kezdje a legnagyobbal!;brácsa;nagybõgõ;hegedû;gordonka;BDAC;OPERA
Tegye az alábbi színmûveket születésük sorrendjébe! Kezdje a legrégebbivel!;Az ügynök halála;Tartuffe;Macbeth;Antigone;DCBA;IRODALOM
Állítsa sorrendbe az alábbi növényeket fejlettségük szerint! Kezdje a legfejlettlenebbel!;nyitvatermõk;harasztok;gombák;moszatok;DCBA;BIOLÓGIA
Állítsa sorrendbe az alábbi hangszereket húrjaik száma alapján! Kezdje a legnagyobb húrúval!;klasszikus gitár;citera;hárfa;brácsa;CBAD;OPERA
Állítsa sorrendbe az alábbi fõvárosokat Budapesttõl mért távolságuk alapján! Kezdje a legközelebbivel!;Prága;Tokió;London;Róma;ADCB;FÖLDRAJZ
Állítsa idõrendi sorrendbe az alábbi hadvezéreket! Kezdje a legkorábbival!;Kutuzov;Montgomery;Nagy Sándor;Wallenstein;CDAB;TÖRTÉNELEM
Állítsa sorba Nagy-Britannia miniszterelnökeit beiktatásuk idõrendje szerint!;John Major;Winston Churchill;Tony Blair;Margaret Thatcher;BDAC;TÖRTÉNELEM
Állítsa idõrendi sorrendbe a következõ olimpiai bajnok magyar úszókat! Kezdje a legkorábbival!;Hajós Alfréd;Darnyi Tamás;Csík Ferenc;Halmay Zoltán;ADCB;SPORT
Állítsák idõrendi sorrendbe a következõ olimpiai játékokat!;müncheni olimpia;tokiói olimpia;római olimpia;mexikói olimpia;CBDA;SPORT
Állítsák magasság szerint sorrendbe a felsorolt magyarországi hegycsúcsokat! Kezdjék a legkisebbel!;Galyatetõ;Somló;Csóványos;Gellért-hegy;DBCA;FÖLDRAJZ
Milyen sorrendben követték egymást a felsorolt amerikai elnökök?;Jimmy Carter;Richard Nixon;Gerald Ford;Ronald Reagan;BCAD;TÖRTÉNELEM
Tegyék az alábbi épületeket felépítésük szerinti sorrendbe, kezdjék a legrégebbivel!;Pantheon;Empire State Building;Notre-Dame;Eiffel-torony;ACDB;ÉPÍTÉSZET
Tegyék uralkodásuk idõrendjébe az alábbi magyar királyokat!;Károly Róbert;Mátyás;IV. Béla;I. László;DCAB;TÖRTÉNELEM
Állítsák keletkezési sorrendbe az alábbi vallásokat! Kezdjék a legrégebbivel!;buddhizmus;iszlám;katolicizmus;protestantizmus;ACBD;VALLÁS
Tegyék a találmányokat feltalálásuk idõrendje szerinti növekvõ sorrendbe!;villámhárító;radar;fonográf;könyvnyomtatás;DACB;TECHNIKA
Állítsák sorrendbe a felsorolt fákat magasságuk alapján! Kezdjék a legmagasabbal!;platánfa;jegenyefenyõ;mamutfenyõ;diófa;CBAD;BIOLÓGIA
Tegyék a zenés filmeket forgatásuk idõpontja szerinti sorrendbe! Kezdjék a legkorábbival!;West Side Story;Kabaré;Ének az esõben;Hair;CABD;FILM
Állítsák sorrendbe az alábbi állatokat lábuk száma szerint! Kezdjék a legkevesebbel!;madárpók;katicabogár;ökörszem;dromedár;CDBA;BIOLÓGIA
Tegye az alábbi színészeket születésük idõrendjébe!;Latabár Kálmán;Koltai Róbert;Charlie Chaplin;Hugh Grant;CABD;FILM
Tegyék az alábbi növényeket idõrendbe virágzási idejük kezdete szerint!;gyöngyvirág;jácint;petúnia;kerti õszirózsa;BACD;BIOLÓGIA
Állítsák sorrendbe a következõ szállítóeszközöket kerekeik száma alapján!;szekér;talicska;riksa;kamion;BCAD;TECHNIKA
Állítsák sorrendbe az alábbi országokat lakosságuk száma szerint!;Izrael;Mexikó;Belgium;India;ACBD;ORSZÁGOK
Állítsák idõrendi sorrendbe az alábbi Habsburg-házi uralkodókat!;II. József;IV. Károly;I. Ferdinánd;Mária Terézia;CDAB;TÖRTÉNELEM
Állítsák sorba az ógörög ábécé betûit az elejétõl kezdve!;omega;alfa;pszi;gamma;BDCA;NYELV
Állítsa idõrendbe az alábbi festõket! Kezdje a legrégebbivel!;Van Gogh;Picasso;Goya;Giotto;DCAB;KÉPZÕMÛVÉSZET
Állítsák idõrendbe a II. világháború eseményeit!;az atombomba bevetése;Párizs megszállása;Lengyelország lerohanása;a normandiai partraszállás;CBDA;TÖRTÉNELEM
Állítsák idõrendi sorrendbe az alábbi csatákat!;muhi csata;mohácsi csata;rozgonyi csata;pákozdi csata;ACBD;TÖRTÉNELEM
Tegyék a magyar színésznõket pályakezdésük idõrendjébe!;Laborfalvi Róza;Jászai Mari;Gryllus Dorka;Honthy Hanna;ABDC;FILM
Milyen sorrendben követik egymást az egyes úszásnemek a vegyesúszásban?;hátúszás;mellúszás;pillangóúszás;gyorsúszás;CABD;SPORT
Tegyék a találmányokat feltalálásuk idõrendjébe!;dinamit;mikroprocesszor;plexiüveg;vízvezetékrendszer;DACB;TECHNIKA
Állítsák sorrendbe a városokat az Egyenlítõtõl való távolságuk szerint!;Helsinki;Singapore;Mexikóváros;Prága;BCDA;FÖLDRAJZ
Tegye a drámaírókat születésük szerint idõrendbe!;Moliére;Shakespeare;Csehov;Szophoklész;DBAC;IRODALOM
Tegye az épületeket építésük kezdete szerint növekvõ sorrendbe!;visegrádi királyi palota;jáki templom;fertõdi Esterhazy-kastély;szegedi dóm;BACD;ÉPÍTÉSZET
Állítsák uralkodásuk idõrendjébe az alábbi híres uralkodónõket!;Viktória;Mária Terézia;I. Erzsébet;Kleopátra;DCBA;TÖRTÉNELEM
Tegyék a Duna folyásiránya szerint megfelelõ sorrendbe a városokat!;Gyõr;Mohács;Szentendre;Visegrád;ADCB;FÖLDRAJZ
Állítsák idõrendi sorrendbe az alábbi nyári olimpiai játékokat! Kezdjék a legkorábbival!;Barcelona;Amszterdam;Helsinki;Tokió;BCDA;SPORT
Állítsák idõrendi sorrendbe az alábbi mûvészeti irányzatokat! Kezdjék a legkorábbival!;szürrealizmus;posztmodern;impresszionizmus;rokokó;DCAB;MÛVÉSZET
Tegyék értékük növekvõ sorrendjébe az alábbi római számokat!;CM;CD;XC;C;CDBA;ÁLTALÁNOS
Tegyék születésük idõrendjébe az alábbi középkori hírességeket!;Nagy Károly;Szent István;Kolumbusz Kristóf;Marco Polo;ABDC;TÖRTÉNELEM
Tegyék elsõ világbajnoki aranyérmük elnyerésének idõrendjébe a Forma-1 pilótáit!;Niki Lauda;Alain Prost;Jackie Stewart;Mika Hakkinen;CABD;SPORT
Tegyék az Oscar-díjas filmeket díjazásuk idõrendjébe! Kezdjék a legrégebbivel!;Esõember;Ben Hur;Forrest Gump;Casablanca;DBAC;FILM
Tegyék sorrendbe fejtetõtõl talpig a ruhadarabokat viselésük helye szerint!;kucsma;rokolya;saru;dolmány;ADBC;ÁLTALÁNOS
Állítsák a nemzetközi szervezeteket megalakulásuk idõrendjébe!;ENSZ;NATO;NOB;EU;CABD;ÁLTALÁNOS
Állítsák keletkezési sorrendbe az alábbi magyar színpadi mûveket! Kezdjék a legrégebbivel!;Bánk bán;Macskajáték;Az ember tragédiája;A néma levente;ACDB;IRODALOM
Tegyék növekvõ sorrendbe a súlymértékeket!;font;tonna;mázsa;gramm;DACB;TUDOMÁNY
Állítsák emelkedõ sorrendbe egy oktávon belül a C-dúr skála hangjait!;e;a;d;h;CABD;OPERA
Tegyék az ételtípusokat hazai tálalási sorrendjükbe! Kezdjék az elsõként felkínálandóval!;leves;vegyes ízelítõ;húsétel;desszert;BACD;KONYHA
Tegyék az alábbi személyeket születési idejük szerinti növekvõ sorrendbe!;Leonardo da Vinci;Alfred Nobel;Arkhimédész;James Watt;CADB;TÖRTÉNELEM
Tegyék észak-déli sorrendbe a történelmi városokat! Kezdjék a legdélibbel!;Eger;Mohács;Kassa;Nándorfehérvár;DBAC;FÖLDRAJZ
Állítsák feltalálásuk sorrendjébe az alábbi találmányokat! Kezdjék a legrégebbivel!;telefon;televízió;gõzmozdony;távírókészülék;CDAB;TECHNIKA
Állítsák sorrendbe a városokat Budapesttõl mért távolságuk szerint! Kezdjék a legközelebbivel!;Nyíregyháza;Székesfehérvár;Vác;Szekszárd;CBDA;FÖLDRAJZ
Tegyék idõrendbe a négyütemû belsõ égésû motor mûködési ütemét!;sûrítés;szívás;munkaütem;kipufogás;BACD;TECHNIKA
Állítsák megalakulásuk szerinti idõrendbe a magyar könnyûzenei együtteseket! Kezdjék a legkorábbival!;Omega;Ámokfutók;Edda Mûvek;Pa-Dö-Dö;ACDB;ZENE
Tegyék a közlekedési eszközöket használatuk kezdetének idõrendjébe!;ûrrepülõgép;földalatti vasút;léghajó;harci szekér;DCBA;TECHNIKA
Állítsák a városokat alapításuk idõrendjébe!;Szentpétervár;Brasília;Madrid;Róma;DCAB;TÖRTÉNELEM
Állítsák a madarakat szárnyaik fesztávolságának növekvõ sorrendjébe!;szirti sas;ökörszem;vörösbegy;macskabagoly;BCDA;BIOLÓGIA
Tegyék az alábbi építményeket építésük idõrendje szerinti növekvõ sorrendbe!;Kheopsz piramis;Hagia Sophia;a londoni Szent Pál-katedrális;Colosseum;ADBC;ÉPÍTÉSZET
Tegyék a filmvígjátékokat bemutatásuk idõrendjébe! Kezdjék a legrégebbivel!;Furcsa pár;Micsoda nõ!;"Van, aki forrón szereti";Aranyláz;DCAB;FILM
Tegyék az alábbi táncokat európai elterjedtségük idõrendjébe!;bécsikeringõ;charleston;break;twist;ABDC;ÁLTALÁNOS
Állítsák sorba Az ember tragédiája alábbi színeit az elõadás idõrendjében!;a falanszter;a párizsi szín;az egyiptomi szín;a konstantinápolyi szín;CDBA;IRODALOM
Állítsák idõrendi sorrendbe a következõ Árpád-házi királyokat!;III. András;IV. Béla;Szent István;Könyves Kálmán;CDBA;TÖRTÉNELEM
Állítsák idõrendi sorrendbe a felsorolt háborúkat! Kezdjék a legkorábbival!;a százéves háború;a peloponnészoszi háború;a harmincéves háború;az elsõ világháború;BACD;TÖRTÉNELEM
Állítsák bemutatásuk sorrendjébe az alábbi magyar filmeket! Kezdjék a legkorábbival!;Körhinta;Halálos tavasz;A tizedes meg a többiek;Redl ezredes;BACD;FILM
Állítsák idõrendbe a Biblia eseményeit!;a bûnbeesés;Ádám teremtése;Jerikó elfoglalása;Salamon ítélete;BACD;VALLÁS
Állítsák irodalmi megjelenítésük idõrendi sorrendjébe az alábbi múzsákat!;Szendrey Júlia;Gyarmati Fanni;Vajda Julianna (Lilla);Boncza Berta (Csinszka);CADB;IRODALOM
Tegyék az építményeket építésük idõrendjébe! Kezdjék a legrégebbivel!;Stonehenge;a sydneyi Opera;Tádzs Mahal;Golden Gate híd;ACDB;ÉPÍTÉSZET
Tegyék a nagylemezeket megjelenésük idõrendjébe!;Hotel Menthol;Ezek a fiatalok;Rock and roller;Rapeta;BCAD;ZENE
Tegyék idõrendbe a török ellen vívott háborúk alábbi eseményeit!;a mohácsi csata;a vasvári béke;a nándorfehérvári gyõzelem;Buda török kézre kerül;CADB;TÖRTÉNELEM
Állítsák növekvõ sorrendbe az alábbi országokat területük nagysága szerint!;Brazília;Franciaország;Vietnam;Monaco;DCBA;FÖLDRAJZ
Állítsák bemutatásuk idõrendjébe az alábbi operákat! Kezdjék a legkorábbival!;A kékszakállú herceg vára;Don Giovanni;Orfeo;Traviata;CBDA;OPERA
Tegyék beiktatásuk idõrendjébe az alábbi magyar miniszterelnököket!;Nagy Imre;Andrássy Gyula;Tildy Zoltán;Károlyi Mihály;BDCA;TÖRTÉNELEM
Tegyék a találmányokat feltalálásuk idõrendjébe! Kezdjék a legrégebbivel!;Otto-motor;dízelmotor;küllõs kerék;sugárhajtómû;CABD;TECHNIKA
Tegyék idõrendbe a Petõfi Sándor életével kapcsolatos eseményeket!;nászút Koltón;a segesvári csata;a pesti forradalom;pápai diákidõk;DACB;IRODALOM
Állítsák növekvõ sorrendbe a következõ római számokat!;D ;V ;X ;L;BCDA;ÁLTALÁNOS
Tegyék a magyar filmvígjátékokat készítésük idõrendjébe! Kezdjék a legrégebbivel!;Mágnás Miska;Meseautó;A tanú;Zimmer Feri;BACD;FILM
Tegyék idõrendbe a XIX. századi magyar történelem jeles eseményeit!;kiegyezés;szabadságharc;Széchenyi halála;Napóleon Gyõrben;DBCA;TÖRTÉNELEM
Állítsák olimpiai aranyérmük elnyerésének idõrendjébe a felsorolt ökölvívóinkat! Kezdjék a legkorábbival!;Énekes István;Kovács István;Papp László;Gedó György;ACDB;SPORT
Tegyék a feltalálókat születésük szerint idõrendbe!;Rudolf Diesel;Eötvös Loránd;Gutenberg;Gábor Dénes;CBAD;TECHNIKA
Tegyék beiktatásuk idõrendjébe az amerikai elnököket!;T. Jefferson;F. D. Rossevelt;G. Bush;J. F. Kennedy;ABDC;TÖRTÉNELEM
Tegyék elõfordulásuk idõrendjébe a Nemzeti dal idézeteit!;Sehonnai bitang...;Talpra magyar...;Unokáink leborulnak...;Rabok voltunk...;BDAC;IRODALOM
Állítsák a naptól való távolság sorrendjébe az alábbi bolygókat! Kezdjék a legközelebbivel!;Föld;Vénusz;Merkúr;Mars;CBAD;TUDOMÁNY
Állítsák idõrendi sorrendbe az alábbi magyar futball-kapusokat! Kezdjék a legkorábbival!;Géczi István;Király Gábor;Grosics Gyula;Zsák Károly;DCAB;SPORT
Tegyék a zenés filmeket bemutatásuk idõrendjébe!;Szombat esti láz;Egy nehéz nap éjszakája;"Óz, a csodák csodája";Flashdance;CBAD;FILM
Állítsák idõrendi sorrendbe az alábbi magyar könnyûzenei slágereket! Kezdjék a legkorábbival!;Trombitás Frédi;Hamvadó cigarettavég;A Sexepilem;Kölyköd voltam;BADC;ZENE
Állítsák sorrendbe az alábbi katonai rendfokozatokat! Kezdjék a legalacsonyabbal!;hadnagy;ezredes;százados;õrmester;DACB;ÁLTALÁNOS
Állítsák a magyar megyeszékhelyeket észak-déli sorrendbe!;Kecskemét;Pécs;Veszprém;Gyõr;DCAB;FÖLDRAJZ
Tegyék születésük idõrendjébe az ókori hírességeket!;Julius Caesar;Nero;Nagy Sándor;Tutankhamon;DCAB;TÖRTÉNELEM
Állítsák idõrendi sorrendbe a következõ magyar filmeket! Kezdjék a legkorábbival!;Halálos tavasz;Körhinta;Mephisto;Valahol Európában;ADBC;FILM
Állítsák idõrendi sorrendbe az alábbi aranylabdás futballistákat! Kezdjék a legkorábbival!;Alfredo di Stefano;Michel Platini;Albert Flórián;Zinedine Zidane;ACBD;SPORT
Állítsák az alábbi szerzõket irodalmi Nobel-díjuk elnyerésének idõrendjébe!;Kipling;Grass;Thomas Mann;Márquez;ACDB;IRODALOM
Állítsák idõrendi sorrendbe az alábbi hadvezéreket! Kezdjék a legrégebbivel!;Kutuzov;Miltiadész;Wallenstein;Montgomery;BCAD;TÖRTÉNELEM
Tegyék keletkezésük sorrendjébe az alábbi dalokat! Kezdjék a legkorábbival!;Kossuth-nóta;Szomorú vasárnap;Marseillaise;Bye-bye Szása!;CABD;ZENE
Tegyék uralkodásuk idõrendjébe az alábbi híres rómaiakat! Kezdjék a legkorábbival!;Julius Caesar;Néro;Augustus;Constantinus;ACBD;TÖRTÉNELEM
Állítsák idõrendbe a felsorolt operákat! Kezdjék a legrégebbivel!;Traviata;Orfeo;A kékszakállú herceg vára;A varázsfuvola;BDAC;OPERA
Állítsák naptár szerinti idõrendi sorrendbe az alábbi keresztény ünnepeket! Kezdjék a legkorábbival!;advent;pünkösd;vízkereszt;húsvét;CDBA;VALLÁS
Tegyék a magyar filmvígjátékokat elsõ bemutatásuk idõrendjébe!;Csinibaba;Liliomfi;Meseautó;6:3;CBAD;FILM
Tegyék a Tisza-parti városokat a folyásirányuknak megfelelõ sorrendbe!;Szolnok;Szeged;Tiszafüred;Tokaj;DCAB;FÖLDRAJZ
Állítsák érmeik megszerzésének idõrendjébe a sydneyi olimpia magyar aranyérmeseit!;Csollány Szilveszter;Nagy Tímea;Kolonics György;Kovács Ágnes;BDAC;SPORT
Állítsák férjük beiktatásának idõrendjébe a híres First Ladyket!;Nancy Reagan;Barbara Bush;Jacqueline Kennedy;Hillary Clinton;CABD;TÖRTÉNELEM
Tegyék születésük idõrendjébe az alábbi magyar festõket!;Csontváry Kosztka Tivadar;Munkácsy Mihály;Csók István;M. S. mester;DBAC;KÉPZÕMÛVÉSZET
Tegyék növekvõ sorrendbe az alábbi ûrmértékeket!;hektó;akó;icce;liter;CDBA;TUDOMÁNY
Állítsák a magyar színésznõket pályakezdésük idõrendjébe!;Eszenyi Enikõ;Hernádi Judit;Gobbi Hilda;Blaha Lujza;DCBA;SZÍNHÁZ
Tegyék a szereplõket a Bibliában való megjelenésük idõrendjébe! Kezdjék a legkorábbival!;Noé;Jákob;Ádám;Salamon;CABD;VALLÁS
Állítsák sorrendbe az alábbi országokat területük nagysága alapján! Kezdjék a legnagyobbal!;Oroszország;Finnország;Mongólia;Andorra;ACBD;FÖLDRAJZ
Tegyék kibocsátásuk idõrendjébe a híres történelmi iratokat!;Code Napóleon;Magna Charta;magyar Aranybulla;olmützi alkotmány;BCAD;TÖRTÉNELEM
Tegyék kitalálásuk idõrendjébe az alábbi ismert nyomozókat!;Hercule Poirot;Sherlock Holmes;Derrick;Linda;BACD;ÁLTALÁNOS
Állítsák sorrendbe az alábbi zenei együtteseket a hangszerek száma szerint! Kezdjék a legkevesebbel!;kvartett;oktett;trió;szextett;CADB;OPERA
Tegyék születésük idõrendjébe az alábbi ismert vallásalapítókat!;Mohamed;Kálvin;Krisztus;Buddha;DCAB;VALLÁS
Tegyék a személyeket az ellenük elkövetett tragikus merényletek idõrendjébe!;J. F. Kennedy;Aldo Moro;Olof Palme;John Lennon;ABDC;TÖRTÉNELEM
Tegyék a magyar színészeket születésük idõrendjébe!;Jávor Pál;Kern András;Bessenyei Ferenc;Szerednyei Béla;ACBD;SZÍNHÁZ
Állítsák magasság szerinti sorrendbe a következõ hegycsúcsokat! Kezdjék a legmagasabbal!;Fuji;Mont Blanc;Mount Everest;Kibo;CDBA;FÖLDRAJZ
Állítsák virágzásuk kezdetének idõrendi sorrendjébe az alábbi virágokat! Kezdjék a legkorábbival!;hóvirág;krizantém;orgona;jácint;ADCB;BIOLÓGIA
Tegyék az Oscar-díjjal jutalmazott filmeket sorrendbe a legrégebbitõl a legújabbig!;Titanic;Schindler listája;Elfújta a szél;A keresztapa;CDBA;FILM
Tegyék az ûrhajósokat elsõ fellövésük idõrendjébe!;Jurij Gagarin;Farkas Bertalan;John Glenn;Valentyina Tyereskova;ACDB;TUDOMÁNY
Állítsák idõrendi sorrrendbe az alábbi német kancellárokat! Kezdjék a legkorábbival!;Willy Brandt;Helmuth Kohl;Otto von Bismarck;Konrad Adenauer;CDAB;TÖRTÉNELEM
Állítsák névérték szerint növekvõ sorrendbe a papírpénzeinken látható magyar államférfiakat!;Mátyás király;II. Rákóczi Ferenc;Szent István;Széchenyi István;BADC;ÁLTALÁNOS
"Állítsák sorba a mûveket aszerint, hogy mely korban játszódnak! Kezdjék a legkorábbival!";Búcsú a fegyverektõl;"Nero, a véres költõ";Oedipus Kolónoszban;A Tenkes kapitánya;CBDA;IRODALOM
Állítsák a törzsfejlõdés sorrendjébe a következõ állatokat! Kezdjék a legfejlettlenebbel!;éti csiga;katicabogár;amõba;medúza;CDAB;BIOLÓGIA
Tegyék a magyar filmeket bemutatásuk idõrendjébe! Kezdjék a legrégebbivel!;Egri csillagok;Európa expressz;Valahol Európában;Mephisto;CADB;FILM
Állítsák a rendszerváltás utáni miniszterségük idõrendjébe hazánk pénzügyminisztereit!;Bokros Lajos;Békesi László;Kupa Mihály;Járai Zsigmond;CBAD;TÖRTÉNELEM
Állítsák idõrendi sorrendbe a felsorolt zenés színpadi mûveket! Kezdjék a legkorábbival!;Macskák;Csárdáskirálynõ;Hair;Koldusopera;BDCA;SZÍNHÁZ
Tegyék sorrendbe balról jobbra a bal-kormányos gépkocsi alkatrészeit!;gázpedál;fékpedál;tengelykapcsoló;sebességváltó-kar;CBAD;TECHNIKA
Tegyék születésük idõrendjébe a híres hadvezéreket!;Bem József;Tomori Pál;Vak Bottyán;Kinizsi Pál;DBCA;TÖRTÉNELEM
Állítsák a görög ábécé sorrendjébe az alábbi betûket!;lambda;gamma;alfa;üpszilon;CBAD;NYELV
Tegyék születésük sorrendjébe a felsorolt magyar zeneszerzõket! Kezdjék a legkorábbival!;Bakfark Bálint;Kodály Zoltán;Petrovics Emil;Rózsavölgyi Márk;ADBC;OPERA
Tegyék a híres irodalmi állatokat kitalálásuk idõrendjébe!;Vuk;Balu;Lassie;Rocinante;DBCA;IRODALOM
Tegyék keletkezésük idõrendjébe a híres szobrokat!;willendorfi Vénusz;Henry Moore Fekvõ alakja;Michelangelo Dávidja;milói Vénusz;ADCB;KÉPZÕMÛVÉSZET
Állítsák idõrendbe a labdarúgó világbajnokságok helyszíneit!;Spanyolország;NSZK;USA;Svájc;DBAC;SPORT
Állítsák sorrendbe talptól fejtetõig a ruhadarabokat viselésük helye szerint!;bricsesz;párta;mente;klumpa;DACB;ÁLTALÁNOS
Tegyék idõrendbe a Kossuth Lajos életével kapcsolatos eseményeket!;válasz a Húsvéti cikkre;a Pesti Hírlap megjelenése;kormányzósága;amerikai kõrútja;BCDA;TÖRTÉNELEM
Állítsa a fegyvereket feltalálásuk sorrendjébe!;kopja;colt;szakóca;csillagbuzogány;CDAB;TECHNIKA
Tegyék a komikusokat születésük idõrendjébe!;Louis de Funes;Buster Keaton;Jim Carrey;Robin Williams;BADC;FILM
Állítsák nagyság szerinti sorrende az alábbi hosszmértékegységeket! Kezdjék a legnagyobbal!;rõf;hüvelyk;mérföld;láb;CADB;TUDOMÁNY
Állítsák idõrendi sorrendbe az alábbi magyar költõk versesköteteit! Kezdjék a legkorábbival!;Tajtékos ég;Vér és arany;Nagyon fáj;Õszikék;DBCA;IRODALOM
Tegyék a híres felfedezõket születésük idõrendjébe!;Kolumbusz;Amundsen;James Cook;Vörös Erik;DACB;TÖRTÉNELEM
Állítsák sorrendbe fejtetõtõl talpig az emberi csontokat!;sarokcsont;térdkalács;csípõcsont;kulcscsont;DCBA;BIOLÓGIA
Állítsák cselekményük történelmi idõrendjébe az alábbi magyar filmeket!;Rákóczi hadnagya;A törökfejes kopja;Déryné;Redl ezredes;BACD;FILM
"Tegyék idõrendbe az orvostudomány nevezetes felfedezéseit, eseményeit!";elsõ szívátültetés;penicillin;röntgen-sugarak;elsõ mûvese;CBDA;BIOLÓGIA
Állítsák sorrendbe a fõvárosokat Budapesttõl mért távolságuk szerint! Kezdjék a legközelebbivel!;Lisszabon;Tokió;Újdelhi;Bécs;DACB;FÖLDRAJZ
Állítsák elsõ ûrrepülésük idõrendjébe az alábbi ûrhajósokat!;Farkas Bertalan;Neil Armstrong;Jurij Gagarin;John Glenn;CDBA;TUDOMÁNY
Állítsák idõrendbe Szabó István filmjeit! Kezdjék a legkorábbival!;Mephisto;Álmodozások kora;Szerelmesfilm;A napfény íze;BCAD;FILM
Állítsák sorrendbe a híres történelmi forradalmakat!;õszirózsás forradalom;nagy francia forradalom;angol polgári forradalom;márciusi ifjak forradalma;CBDA;TÖRTÉNELEM
Tegyék sorrendbe a Nobel-békedíjasokat a díj odaítélésének éve alapján! Kezdjék a legkorábbival!;Henri Dunant;Willy Brandt;Albert Schweitzer;Lech Walesa;ACBD;TUDOMÁNY
Tegyék a Földközi-tenger szigeteit sorba nyugatról kelet felé haladva!;Korzika;Kréta;Mallorca;Málta;CADB;FÖLDRAJZ
Tegyék a híres magyar utazókat születésük idõrendjébe!;Kittenberger Kálmán;Kõrösi Csoma Sándor;Vámbéry Ármin;Julianus barát;DBCA;TÖRTÉNELEM
Állítsák fejlettségi sorrende az alábbi gerinces állatokat! Kezdjék a legfejlettlenebbel!;halak;madarak;hüllõk;kétéltûek;ADCB;BIOLÓGIA
Állítsák idõrendi sorrendbe a következõ magyar filmvígjátékokat! Kezdjék a legkorábbival!;A tizedes meg a többiek;Állami áruház;Halálos tavasz;Csinibaba;CBAD;FILM
Tegyék átlagos példányuk hosszának növekvõ sorrendjébe a madarakat!;rétisas;ökörszem;feketerigó;vetési varjú;BCDA;BIOLÓGIA
Tegyék az alábbi híres történetírókat születésük idõrendjébe!;Hérodotosz;Tacitus;Bonfini;Anonymus;ABDC;IRODALOM
Tegyék sorrendbe a közlekedési lámpa fényeit! Kezdjék a tilos jelzéssel!;piros-sárga;piros;zöld;sárga;BACD;ÁLTALÁNOS
Állítsák sorrendbe a sportágakat eddigi olimpiai aranyérmeink száma szerint! Kezdjék a legeredményesebbel!;cselgáncs;öttusa;vívás;kajak-kenu;CDBA;SPORT
Tegyék a magyar megyéket területük nagyságának növekvõ sorrendjébe!;Pest;Fejér;Komárom-Esztergom;Bács-Kiskun;CBAD;FÖLDRAJZ
Állítsák az Oscar-díjas filmeket díjazásuk idõrendjébe!;Rocky;A nagy balhé;Farkasokkal táncoló;Az angol beteg;BACD;FILM
Állítsák idõrendi sorrendbe az alábbi római császárokat! Kezdjék a legkorábbival!;Nero;Constantinus;Augustus;Hadrianus;CADB;TÖRTÉNELEM
Tegyék a csapatokat pályán lévõ tagjaik számának emelkedõ sorrendjébe! Kezdjék a legkevesebbel!;kézilabda;labdarúgás;rögbi;röplabda;DABC;SPORT
Állítsák idõrendbe a fagyosszentek napjait! Kezdjék az év elejéhez legközelebbivel!;Orbán;Binifác;Pongrác;Szervác;CDBA;ÁLTALÁNOS
"Tegyék ""megszületésük"" idõrendjébe az alábbi irodalmi alakokat!";Raszkolnyikov;Svejk;Anyegin;Gulliver;DCAB;IRODALOM
Tegyék az Oscar-díjas filmeket díjazásuk idõrendjébe!;My Fair Lady;A bárányok hallgatnak;Amerikai szépség;Kramer kontra Kramer;ADBC;FILM
Tegyék területük nagysága szerinti növekvõ sorrendbe Magyarország alábbi szomszédjait!;Szlovénia;Ausztria;Ukrajna;Románia;ABDC;FÖLDRAJZ
Állítsák születésük sorrendjébe az alábbi olasz zeneszerzõket!;Rossini;Monteverdi;Vivaldi;Verdi;BCAD;OPERA
Tegyék a növényeket a Földön való megjelenésük idõrendjébe!;fenyõk;mohák;zárvatermõk;moszatok;DBAC;BIOLÓGIA
Állítsák történésük idõrendjébe a Robinson Crusoe címû regény eseményeit!;hajótörés;csónakfaragás;a tisztek kiszabadítása;találkozás Péntekkel;ABDC;IRODALOM
Állítsák idõrendi sorrendbe az alábbi francia köztársasági elnököket!;George Pompidou;Jacques Chirac;Francois Mitterand;Charles de Gaulle;DACB;TÖRTÉNELEM
Tegyék idõrendi sorrendbe a következõ magyar hadvezéreket! Kezdjék a legkorábbival!;Esze Tamás;Damjanich János;Hunyadi János;Zrínyi Miklós;CDAB;TÖRTÉNELEM
Állítsák idõrendi sorrendbe a felsorolt nõi olimpiai bajnok vívóinkat! Kezdjék a legkorábbival!;Tordasi Ildikó;Elek Ilona;Nagy Tímea;Rejtõ Ildikó;BDAC;SPORT
Állítsák sorrendbe a filmcímeket a hozzájuk tartozó számok alapján!;kicsi indián;mesterlövész;testõr;kiskutya;CBAD;FILM
Tegyék idõrendbe Máté evangéliumának eseményeit!;Pilátus ítélete;a hegyi beszéd;az utolsó vacsora;Jézus születése;DBCA;VALLÁS
Állítsák sorrendbe a bolygókat a Naptól való közepes távolságuk szerint! Kezdjék a legközelebbivel!;Plútó;Föld;Mars;Merkúr;DBCA;TUDOMÁNY
Állítsák sorrendbe a tudósokat Nobel-díjuk kézhezvételének idõpontja alapján! Kezdjék a legkorábbival!;Albert Einstein;Szent-Györgyi Albert;Gábor Dénes;Conrad Röntgen;DABC;TUDOMÁNY
Állítsák születésük idõrendjébe az alábbi magyar színészeket! Kezdjék a legkorábbival!;Lendvay Márton;Latinovits Zoltán;Kabos Gyula;Básti Lajos;ACDB;SZÍNHÁZ
Tegyék a jeles alkalmakat a naptári évnek megfelelõ idõrendbe!;mindenszentek;gyertyaszentelõ;aranyvasárnap;vízkereszt;DBAC;ÁLTALÁNOS
Állítsák a Duna folyásírányának megfelelõ sorrendbe a magyar szigeteket!;Csepel-sziget;Margit-sziget;Szentendrei-sziget;Mohácsi-sziget;CBAD;FÖLDRAJZ
Tegyék a magyar filmeket cselekményük történelmi idõrendjébe!;Fényes szelek;Feltámadott a tenger;Egri csillagok;Honfoglalás;DCBA;FILM
Tegyék keletkezésük idõrendjébe a drámai hõsöket!;Ibsen: Nora;Moliere: Tartuffe;Szophoklész: Antigoné;Shakespeare: Hamlet;CDBA;IRODALOM
"Állítsák ""rangjuk"" szerinti növekvõ sorrendbe a felsorolt egyetemi oktatókat!";docens;rektor;tanársegéd;adjunktus;CDAB;ÁLTALÁNOS
Tegyék a számmegjelölõ kifejezéseket értékük emelkedõ sorrendjébe!;okta-;hexa-;tri-;hepta-;CBDA;NYELV
Állítsák a híres magyar zenés mûveket bemutatásuk idõrendjébe!;A padlás;Csárdáskirálynõ;Bánk bán;Háry János;CBDA;MÛVÉSZET
Állítsák sorrendbe viselésük helye szerint talptól fejtetõig a ruhadarabokat!;krinolin;turbán;mokaszin;dolmány;CADB;ÁLTALÁNOS
Állítsák aranyérmük megszerzésének idõrendjébe olimpiai bajnok kajak-kenusainkat!;Storcz Botond;Hesz Mihály;Parti János;Gyulay Zsolt;CBDA;SPORT
Tegyék születésük idõrendjébe a nagy meseírókat! Kezdjék a legkorábbival!;Aesopus;Andersen;Milne;La Fontaine;ADBC;IRODALOM
Állítsák idõrendbe a híres törvényalkotókat!;Hammurapi;Szent István;Drakhón;Werbõczy;ACBD;TÖRTÉNELEM
Állítsák sorrendbe az alábbi városokat északról déli irányba! Kezdjék a legészakibbal!;Prága;Róma;Szentpétervár;Kairó;CABD;FÖLDRAJZ
Állítsák születésük idõrendjébe a repülés történetének nagy alakjait!;Blériot;Montgolfier testvérek;Zeppelin;Lindbergh;BCAD;TECHNIKA
Állítsák születésük sorrendjébe az alább felsorolt rockzenészeket! Kezdjék a legkorábbival!;Bill Haley;Jimi Hendrix;Michael Jackson;Elvis Presley;ADBC;ZENE
Tegyék idõrendi sorrendbe a felsorolt pápákat! Kezdjék a legkorábbival!;XIII. Gergely;Szent Péter;XXIII. János;II. Szilveszter;BDAC;VALLÁS
"Tegyék az alábbi híres ""irodalmi fogalmakat"" kitalálásuk idõrendjébe!";az öreg halász nagy fogása;Tatjana levele;Don Quijote szélmalomharca;Odüsszeusz íjversenye;DCBA;IRODALOM
"Állítsák idõrendbe a magyar filmeket aszerint, hogy melyik korban játszódnak!";Semmelwies;Rab Ráby;Julianus;Csinibaba;CBAD;FILM
Állítsák a zeneszerzõket születésük idõrendjébe!;Paul McCartney;George Gershwin;Leonard Bernstein;Giuseppe Verdi;DBCA;OPERA
Tegyék a forinthoz viszonyított árfolyamuk szerinti növekvõ sorrendbe a valutákat!;francia frank;angol font;német márka;amerikai dollár;ACDB;ÁLTALÁNOS
Tegyék megírásuk idõrendjébe a híres irodalmi összecsapásokat!;Anyegin és Lenszkij;Antigoné és Kreón;Rómeó és Tybalt;Boka és Áts Feri;BCAD;IRODALOM
Tegyék a híres magyar asszonyokat születésük idõrendjébe!;Bajor Gizi;Zrínyi Ilona;Szendrey Júlia;Mária királynõ;DBCA;TÖRTÉNELEM
Állítsák sorrendbe az alábbi fõvárosokat nyugatról keleti irányba! Kezdjék a 0. hosszúsági foknál!;Bagdad;London;Tokió;Budapest;BDAC;FÖLDRAJZ
Állítsák születésük idõrendjébe a neves magyar sakkozókat!;Portisch Lajos;Polgár Judit;Lékó Péter;Polgár Zsófia;ADBC;SPORT
Tegyék uralkodásuk sorrendjébe az alábbi angol uralkodókat! Kezdjék a legkorábbival!;VIII. Henrik;II. Erzsébet;I. (Oroszlánszívû) Richárd;Viktória;CADB;TÖRTÉNELEM
Tegyék megépítésük idõrendjébe a híres hajókat!;Titanic;Kon-Tiki;Santa Maria;Mayflower;CDAB;ÁLTALÁNOS
Tegyék idõrendbe Ady Endre életének jelentõs eseményeit!;a Nyugat elsõ száma;elsõ kötete;zilahi iskolaévek;házasság Csinszkával;CBAD;IRODALOM
Tegyék születésük idõrendjébe a felsorolt magyar feltalálókat!;Kempelen Farkas;Kandó Kálmán;Gábor Dénes;Jedlik Ányos;ADBC;TECHNIKA
Állítsák sorrendbe az alábbi magyar városokat nyugatról keleti irányba!;Debrecen;Szolnok;Székesfehérvár;Kõszeg;DCBA;FÖLDRAJZ
Állítsák sorrendbe bentrõl kifelé haladva a madártojás részeit!;sárgája;mészhéj;fehérje;héjhártya;ACDB;BIOLÓGIA
Állítsák bemutatásuk idõrendjébe a Robert Redford fõszereplésével készült filmeket!;A nagy balhé;Tisztességtelen ajánlat;Távol Afrikától;A suttogó;ACBD;FILM
Tegyék egyéni olimpiai aranyérmük megszerzésének idõrendjébe az alábbi kardvívóinkat!;Szabó Bence;Gerevich Aladár;Kárpáti Rudolf;Dr. Fuchs Jenõ;DBCA;SPORT
Tegyék tényleges elhalálozásuk sorrendjébe a Rómeó és Júlia szereplõit!;Rómeó;Júlia;Mercutio;Tybalt;CDAB;IRODALOM
Állítsák születésük idõrendjébe az alábbi német zeneszerzõket!;Schumann;Beethoven;Telemann;Richard Strauss;CBAD;OPERA
Tegyék sorrendbe a halakat átlagos nagyságuk szerint! Kezdjék a legkisebbel!;mélytengeri angolna;európai szardella;törpeharcsa;kardhal;BCAD;BIOLÓGIA
Állítsák sorrendbe az alapállásban álló sakkfigurákat a tábla szélétõl a közepe felé haladva!;bástya;vezér;huszár;futó;ACDB;JÁTÉK
Állítsák születésük idõrendjébe a magyar színészeket!;Zenthe Ferenc;Csortos Gyula;Huszti Péter;Kulka János;BACD;SZÍNHÁZ
Állítsák idõrendbe a Bibliában szereplõ királyokat!;Dávid;Saul;Salamon;Heródes;BACD;VALLÁS
Milyen sorrendben voltak hatalmon az alábbi szovjet pártfõtitkárok?;Nyikita Hruscsov;Leonyid Brezsnyev;Mihail Gorbacsov;Jurij Andropov;ABDC;TÖRTÉNELEM
Állítsák az országokat az Egyenlítõtõl való távolságuk sorrendjébe! Kezdjék a legközelebbivel!;Kenya;Törökország;Jemen;Grúzia;ACBD;FÖLDRAJZ
Tegyék a Duna folyásiránya szerinti sorrendbe a budapesti hidakat!;Széchenyi-Lánchíd;Petõfi híd;Margit híd;Árpád híd;DCAB;MAGYARORSZÁG
Állítsák a fõszereplõként Oscar-díjat nyert színésznõket elsõ díjazásuk idõrendjébe!;Cher;Barbra Streisand;Vivien Leigh;Grace Kelly;CDBA;FILM
Tegyék születésük idõrendjébe a következõ magyar labdarúgó csatárokat!;Albert Flórián;Kiprich József;Zsengellér Gyula;Puskás Ferenc;CDAB;SPORT
Tegyék alapterületük szerint sorba a tavakat! Kezdjék a legkisebbel!;Fertõ-tó;Balaton;Szelidi-tó;Velencei-tó;CDAB;FÖLDRAJZ
Állítsák az együtteseket elsõ önálló nagylemezük megjelenésének idõrendjébe!;Fonográf;Illés;Republic;Bikini;BADC;ZENE
Állítsák bemutatásuk idõrendjébe Steven Spielberg filmjeit!;E.T.;Hook;Jurrasic Park;Cápa;DABC;FILM
Tegyék születésük idõrendjébe a felsorolt magyar költõket! Kezdjék a legkorábbival!;Radnóti Miklós;Arany János;Balassi Bálint;Csokonai Vitéz Mihály;CDBA;IRODALOM
Tegyék idõrendi sorrendbe az alábbi írásfajtákat! Kezdjék a legkorábbival!;cirill írás;görög írás;hieroglif írás;arab írás;CBDA;NYELV
Tegyék növekvõ sorrendbe a régi magyar hosszmértékeket!;magyar mérföld;bécsi öl;bécsi láb;bécsi hüvelyk;DCBA;TUDOMÁNY
Tegyék az európai nyelveket beszélõik számának emelkedõ sorrendjébe!;macedón;bolgár;francia;lengyel;ABDC;NYELV
Tegyék az irodalmi mûveket a címbõl hiányzó értékek emelkedõ sorrendjébe!;A … Lotti (Kastner);… kicsi néger (Christie);A … nõvér (Csehov);… év magány (Márquez);ACBD;IRODALOM
Tegyék átmérõjük emelkedõ sorrendjébe naprendszerünk égitesteit!;Nap;Plútó;Jupiter;Szaturnusz;BDCA;TUDOMÁNY
Állítsák idõrendi sorrendbe az alábbi  magyar köztársasági elnököket! Kezdjék a legkorábbival!;Mádl Ferenc;Tildy Zoltán;Göncz Árpád;Károlyi Mihály;DBCA;TÖRTÉNELEM
Tegyék az alábbi magyar vígjátékokat elsõ bemutatásuk idõrendjébe!;A miniszter félrelép;Fel a fejjel!;"Hippolyt, a lakáj";Sose halunk meg!;CBDA;FILM
"Tegyék sorba a festõket aszerint, hány évig éltek! Kezdjék a legrövidebb életûvel!";Pablo Picasso;Toulose-Lautrec;Rubens;Paul Gauguin;BDCA;KÉPZÕMÛVÉSZET
Tegyék észak-déli sorrendbe az afrikai városokat!;Kairó;Nairobi;Addisz-Abeba;Pretoria;ACBD;FÖLDRAJZ
"Állítsák az Éva megformálta nõket idõrendbe aszerint, ahogy Az ember tragédiájában megjelennek!";Izóra;Borbála;egy eszkimó neje;egy rabszolga neje;DABC;IRODALOM
Tegyék idõrendbe az egy szervajátékon belüli lehetséges teniszállásokat!;30:15;0:15;30:40;15:15;BDAC;SPORT
Állítsák születésük idõrendjébe a híres orvosokat!;Christian Barnard;Hippokratész;Semmelweis Ignác;Paracelsus;BDCA;TUDOMÁNY
"Tegyék sorba az amerikai elnököket aszerint, hány évig töltötték be hivatalukat! Kezdjék a legkevesebbel!";J. F. Kennedy;F. D. Rossevelt;Bill Clinton;Jimmy Carter;ADCB;TÖRTÉNELEM
Tegyék fejtõl lefelé haladva sorba az alábbi testrészeket!;hipotalamusz;vádli;kulcscsont;achilles-ín;ACBD;BIOLÓGIA
Állítsák magasság szerinti sorrendbe a felsorolt magyar hegycsúcsokat! Kezdjék a legmagasabbal!;Kékes;Gellért-hegy;János-hegy;Dobogó-kõ;ADCB;FÖLDRAJZ
Tegyék születésük idõrendjébe az alábbi híres forradalmárokat!;V. I. Lenin;Robespierre;Che Guevara;Oliver Cromwell;DBAC;TÖRTÉNELEM
Állítsák az elemeket vegyjelük ábécérendjébe!;nitrogén;bór;foszfor;kálium;BDAC;TUDOMÁNY
Tegyék a filmrendezõket születésük idõrendjébe!;George Lucas;Alfred Hitchcock;Federico Fellini;Charlie Chaplin;DBCA;FILM
Állítsák a termékeket energiatartalmuk emelkedõ sorrendjébe!;citrom;csokoládé;szalonna;bab;ADBC;TUDOMÁNY
Tegyék születésük idõrendjébe az alábbi reneszánsz személyiségeket!;Mátyás király;Bethlen Gábor;Shakespeare;Gutenberg;DACB;TÖRTÉNELEM
Állítsák népesség szerinti sorrendbe a felsorolt földrészeket! Kezdjék a legnépesebbel!;Afrika;Ausztrália és Óceánia;Észak-Amerika;Ázsia;DACB;FÖLDRAJZ
Tegyék értékük szerinti sorba az alábbi törteket! Kezdjék a legkisebbel!;egyhatod;háromnegyed;héttized;kétharmad;ADCB;TUDOMÁNY
Állítsák az alábbi magyar birkózókat olimpiai aranyérmük megszerzésének idõrendjébe!;Hegedûs Csaba;Kárpáti Károly;Kozma István;Farkas Péter;BCAD;SPORT
Tegyék a zenemûveket az azokat megszólaltató hangszerek száma szerinti növekvõ sorrendbe!;Beethoven: Tavaszi szonáta;Chopin: Perc-keringõ;Mendelssohn: Olasz szimfónia;Schubert: Pisztráng-ötös;BADC;OPERA
Állítsák idõrendbe az Újszövetség alábbi eseményeit!;Angyali üdvözlet;Utolsó vacsora;Hegyi beszéd;Jézus keresztre feszítése;ACBD;VALLÁS
Állítsák az együtteseket elsõ nagylemezük megjelenésének idõrendjébe!;Pa-Dö-Dö;KFT;Bergendy;Bestiák;CBAD;ZENE
"Állítsák sorrendbe a Balaton-parti településeket, Budapesttõl való növekvõ távolságuk szerint!";Siófok;Balatonszemes;Szántód;Fonyód;ACBD;FÖLDRAJZ
Állítsák a bibliai fogalmakat a hozzájuk tartozó számok növekvõ sorrendjébe!;Egyiptomot sújtó csapások;szûk esztendõk;Júdás ezüstpénzei;az apostolok száma;BADC;VALLÁS
Állítsák sorba a verseket versszakaik száma szerint! Kezdjék a legkevesebbel!;Kölcsey: Himnusz;Ady: Párizsban járt az õsz;Petõfi: Nemzeti dal;Arany: A walesi bárdok;BCAD;IRODALOM
Állítsák a híres nõket születésük idõrendjébe!;Mária Lujza;Jeanne d' Arc;Mata Hari;Brigitte Bardot;BACD;ÁLTALÁNOS
Tegyék történetük idõrendjébe az alábbi szerelmes tárgyú mûveket!;Elfújta a szél;Love story;Rómeó és Júlia;A szerelmes Shakespeare;CDAB;FILM
Állítsák növekvõ sorrendbe a fémeket olvadáspontjuk szerint!;arany;higany;ólom;ezüst;BCDA;TUDOMÁNY
Tegyék születésük sorrendjébe a következõ magyar utazókat!;Vámbéry Ármin;Germanus Gyula;Kõrösi Csoma Sándor;Julianus barát;DCAB;TÖRTÉNELEM
Tegyék az alábbi városokat az ott megrendezett olimpiák idõrendjébe!;Berlin;München;Helsinki;Atlanta;ACBD;SPORT
Állítsák sorba területük szerint az alábbi országokat! Kezdjék a legnagyobbal!;Vatikán;San Marino;Szlovénia;Málta;CDBA;FÖLDRAJZ
Tegyék gyártásuk idõrendjébe a híres sci-fi filmeket!;Csillagok háborúja;2001. Ûrodüsszeia;Mátrix;Metropolis;DBAC;FILM
Állítsák születésük idõrendjébe a magyar zeneszerzõket!;Presser Gábor;Erkel Ferenc;Petrovics Emil;Kálmán Imre;BDCA;OPERA
Állítsák növekvõ sorrendbe a növényeket átlagos magasságuk szerint!;mamutfenyõ;bükk;aranyesõ;gyöngyvirág;DCBA;BIOLÓGIA
Állítsák a nagylemezeket elsõ megjelenésük idõrendjébe!;Loksi;Illések és pofonok;Macska az úton;Indul a mandula;BACD;ZENE
Állítsák sorrendbe a felsorolt országokat népsûrûségük alapján! Kezdjék a legsûrûbben lakottal!;Hollandia;Nyugat-Szahara;Banglades;Magyarország;CADB;ORSZÁGOK
Tegyék legelsõ kötetük megjelenésének idõrendjébe az alábbi költõket!;Babits Mihály;József Attila;Weöres Sándor;Reviczky Gyula;DABC;IRODALOM
Tegyék sorrendbe a felsorolt emberi csontokat! Kezdjék felülrõl!;lapocka;járomcsont;sípcsont;medencecsont;BADC;BIOLÓGIA
Tegyék sorrendbe a felsorolt magyar városokat keletrõl nyugatra haladva!;Eger;Sopron;Nyíregyháza;Esztergom;CADB;FÖLDRAJZ
"Állítsák növekvõ sorrendbe az írókat aszerint, hány fennmaradt szindarabjukat tartjuk számon!";Petõfi Sándor;William Shakespeare;Szophoklész;Lope de Vega;ACBD;IRODALOM
Állítsák az alábbi zenés mûveket bemutatásuk idõrendjébe!;Macskák;A víg özvegy;Aida;Don Giovanni;DCBA;OPERA
"Állítsák idõrendbe a magyar filmeket aszerint, melyik korban játszódnak!";Ezek a fiatalok;Akli Miklós;Csínom Palkó;Talpalatnyi föld;CBDA;FILM
Tegyék a nemzeteket összes nyári olimpiai aranyérmük számának növekvõ sorrendjébe!;Egyesült Államok;Japán;Magyarország;Svájc;DBCA;SPORT
Állítsák az alábbi szavakat a Himnuszban való elhangzásuk sorrendjébe!;balsors;jövendõt;bõséggel;ellenséggel;CDAB;SPORT
Állítsák megalakulásuk idõrendjébe a következõ rockegyütteseket!;U2;Pet Shop Boys;The Beatles;Led Zeppelin;CDAB;ZENE
Tegyék a Biblia könyveit történeti sorrendbe!;Kivonulás könyve;Teremtés könyve;Jób könyve;Jónás könyve;BACD;VALLÁS
"Állítsák idõrendbe Phileas Fogg, a Verne-hõs nyolcvan napos utazásának állomásait!";San Francisco;Szuez;Bombay;New York;BCAD;IRODALOM
"Állítsák növekvõ sorrendbe a neveket aszerint, hány Árpád-házi királyunk viselte!";Péter;István;Béla;András;ADCB;TÖRTÉNELEM
Tegyék cselekményük történésének idõrendjébe a következõ operákat! Kezdjék a legkorábbival!;Erkel: Bánk bán;Puccini: Tosca;Wagner: Lohengrin;Verdi: Nabucco;DCAB;OPERA
Tegyék születésük idõrendjébe a felsorolt magyar válogatott hátvédeket!;Garaba Imre;Buzánszky Jenõ;Kehrling Béla;Mészöly Kálmán;CBDA;SPORT
Tegyék születésük idõrendjébe a híres szobrászokat!;Izsó Miklós;Kisfaludi Strobl Zsigmond;Kolozsvári Márton;Melocco Miklós;CABD;KÉPZÕMÛVÉSZET
Állítsák sorba a folyókat maximális vízhozamuk szerint! Kezdjék a legkevesebbel!;Mississippi;Duna;Amazonas;Pó;DBAC;FÖLDRAJZ
Állítsák idõrendi sorrendbe az év jeles napjait! Kezdjék a legkorábbival!;Anyák napja;Valentin nap;Mikulás;Nõnap;BDAC;ÁLTALÁNOS
Állítsák sorba az ásványokat szemcsekeménységük szerint! Kezdjék a legpuhábbal!;kvarc;kalcit;gipsz;grafit;DCBA;TUDOMÁNY
Tegyék sorrendbe az alábbi félszigeteket területük nagysága szerint! Kezdjék a legnagyobbal!;Florida;Arab-félsziget;Krím-félsziget;Skandináv-félsziget;BDAC;FÖLDRAJZ
Tegyék születésük idõrendjébe a következõ osztrák zeneszerzõket!;ifj. Johann Strauss;Arnold Schönberg;Joseph Haydn;Franz Schubert;CDAB;OPERA
Tegyék megalakulásuk idõrendjébe a felsorolt rockegyütteseket!;Pink Floyd;Pet Shop Boys;AC/DC;Beach Boys;DACB;ZENE
Állítsák sorrendbe az USA szövetségi államait az Atlanti-óceántól a Csendes-óceánig!;Kansas;Arizona;Kalifornia;Florida;DABC;FÖLDRAJZ
"Tegyék idõrendbe a Nobel-békedíjasokat! Kezdjék azzal, aki a legkorábban kapta!";Lech Walesa;Martin Luther King;Mihail Gorbacsov;Albert Schweitzer;DBAC;ÁLTALÁNOS
Állítsák külügyminiszterségük idõrendjébe a magyar politikusokat!;Horn Gyula;Kovács László;Jeszenszky Géza;Martonyi János;ACBD;TÖRTÉNELEM
Állítsák az építészet nagyjait születésük idõrendjébe!;Gustave Eiffel;Le Corbusier;Imhotep;Michelangelo;CDAB;ÉPÍTÉSZET
Tegyék idõrendbe a magyar történelmi hõsöket!;Koppány;Kinizsi Pál;Esze Tamás;Dobó István;ABDC;TÖRTÉNELEM
Állítsák születésük idõrendjébe a neves írónõket!;Jane Austen;Simone de Beauvoir;George Sand;J.K. Rowling;ACBD;IRODALOM
Állítsák a Duna menti országokat a folyó folyásirányának megfelelõ sorrendbe!;Szlovákia;Ausztria;Románia;Magyarország;BADC;FÖLDRAJZ
"Állítsák sorrendbe a fogalmakat aszerint, ahogy a Szeptember végén címû versben elõfurdulnak!";téli világ;zöldellõ nyárfa;kerti virágok;bérci tetõ;CBAD;IRODALOM
Állítsák sorba az országokat a férfiak születéskor várható élettartama szerint! Kezdjék a legkevesebbel!;Franciaország;Brazília;Kenya;Banglades;DCBA;ORSZÁGOK
Állítsák születésük sorrendjébe a következõ külföldi énekesnõket!;Tina Turner;Ella Fitzgerald;Diana Ross;Madonna;BACD;ZENE
Tegyék a magyar filmeket a címekbõl hiányzó számok növekvõ sorrendjébe!;2x2 néha …;A … testõr Afrikában;… tonna dollár;Mese a … találatról;BACD;FILM
Tegyék születésük sorrendjébe az alábbi híres tudósokat!;Mengyelejev;Marie Curie;Lavoisier;Faraday;CDAB;TUDOMÁNY
Állítsák sorrendbe az alábbi sportágak labdáit méretük szerint! Kezdjék a legkisebbel!;tenisz;labdarúgás;kézilabda;asztalitenisz;DACB;SPORT
Tegyék megírásuk idõrendjébe az alábbi ismert magyar verseket!;Nemzeti dal;Héjanász az avaron;A Reményhez;Hajnali részegség;CABD;IRODALOM
Állítsák az ûreszközöket elsõ fellövésük idõrendjébe!;Vosztok-1 ûrhajó;Szputnyik-1 mûhold;Apollo-11 ûrhajó;Columbia ûrrepülõgép;BACD;TUDOMÁNY
Állítsák idõrendbe a felsorolt magyar csatákat!;kenyérmezei csata;muhi csata;segesvári csata;mohácsi csata;BADC;TÖRTÉNELEM
Tegyék területük szerint sorba a volt szovjet tagköztársaságokat! Kezdjék a legkisebbel!;Oroszország;Lettország;Kazahsztán;Azerbajdzsán;BDCA;FÖLDRAJZ
Állítsák az énekesnõket elsõ önálló nagylemezük megjelenésének idõrendjébe!;Szandi;Zoltán Erika;Cserháti Zsuzsa;Kovács Kati;DCBA;ZENE
Állítsák az országokat elsõ labdarúgó világbajnoki aranyérmük megszerzésének idõrendjébe!;Olaszország;Franciaország;Brazília;Argentína;ACDB;SPORT
Tegyék sorrendbe a felsorolt bibliai szereplõket a hozzájuk kapcsolódó számok alapján?;apostolok;napkeleti bölcsek;latrok;evangelisták;CBDA;VALLÁS
Tegyék születésük idõrendjébe a híres írónõket!;Szabó Magda;Kaffka Margit;George Sand;Jane Austen;DCBA;IRODALOM
Tegyék idõrendbe a híres ütközeteket!;trafalgari csata;szalamiszi csata;lepantói csata;sztálingrádi csata;BCAD;TÖRTÉNELEM
Tegyék sorba a magyar hegységeket legmagasabb csúcsuk szerint! Kezdjék a legalacsonyabbal!;Mátra;Bükk;Gerecse;Bakony;CDBA;FÖLDRAJZ
Állítsák a fõszereplõként Oscar-díjat nyert színészeket elsõ díjazásuk idõrendjébe!;Laurence Olivier;Gregory Peck;Nicolas Cage;Dustin Hoffman;ABDC;FILM
Állítsák naptári idõrendbe a jeles napokat!;virágvasárnap;nagypéntek;pünkösd;húsvét;ABDC;VALLÁS
Állítsák sorba az országokat népsûrûségük szerint! Kezdjék a legkevesebbel!;Ciprus;Peru;Ausztrália;Kína;CBAD;ORSZÁGOK
Állítsák idõrendbe a következõ földrajzi felfedezõket!;David Livingstone;Roald Amundsen;James Cook;Ferdinand Magellán;DCAB;TÖRTÉNELEM
Állítsák fejlettségi sorrendbe az alábbi állatokat! Kezdjék a legfejletlenebbel!;szalamandra;osztriga;kolibri;fóka;BACD;BIOLÓGIA
Állítsák idõrendi sorrendbe a következõ szobrászokat! Kezdjék a legrégebbivel!;Henry Moore;Michelangelo;Rodin;Müron;DBCA;KÉPZÕMÛVÉSZET
Tegyék keletkezésük idõrendjébe a híres eposzokat!;Mahábhárata;Szigeti veszedelem;Aeneis;Zalán futása;ACBD;IRODALOM
Állítsák idõrendi sorrendbe a következõ magyar olimpiai bajnok tornászokat!;Magyar Zoltán;Borkai Zsolt;Csollány Szilveszter;Pelle István;DABC;SPORT
Állítsák a bolygókat növekvõ sorrendbe ismert holdjaik alapján!;Föld;Mars;Jupiter;Uránusz;ABDC;TUDOMÁNY
Állítsák emelkedõ sorrendbe a magyar városokat az ott haladó országos fõútvonal száma szerint!;Vác;Pécs;Veszprém;Debrecen;ADBC;MAGYARORSZÁG
Tegyék idõrendi sorrendbe az alábbi esztergomi érsekeket!;Mindszenty József;Bakócz Tamás;Paskai László;Pázmány Péter;BDAC;VALLÁS
Állítsák sorrendbe az alábbi együtteseket tagjaik száma alapján! Kezdjék a legkevesebbel!;Irígy Hónaljmirigy;Ganxsta Zolee és a Kartel;Bon Bon;V.I.P.;CDBA;ZENE
Tegyék sorrendbe a magyar borvidékeket keletrõl nyugat felé haladva!;Tokaj;Badacsony;Villány;Eger;ADCB;MAGYARORSZÁG
"Állítsák az irodalmi hõsöket ""születésük"" idõrendjébe!";Nemecsek Ernõ;Baradlay Richárd;Nyilas Misi;Vitay Georgina;BACD;IRODALOM
Tegyék születésük idõrendjébe az orosz irodalom kimagasló alakjait!;Gogol;Majakovszkij;Csehov;Szolzsenyicin;ACBD;IRODALOM
Tegyék a növényeket átlagos magasságuk szerint növekvõ sorrendbe!;kikeleti hóvirág;húsos som;törpemandula;fehér akác;ACBD;BIOLÓGIA
Állítsák növekvõ sorrendbe az országokat területük nagysága szerint!;Izland;Japán;Egyiptom;Luxemburg;DABC;FÖLDRAJZ
"Állítsák sorba a filmsztárokat aszerint, hogy hány évig éltek! Kezdjék a legrövidebb életûvel!";Richard Burton;Henry Fonda;James Dean;Marilyn Monroe;CDAB;FILM
Tegyék az atlétikai dobóeszközöket az általuk teljesíthetõ távolság növekvõ sorrendjébe!;kalapács;diszkosz;súlygolyó;gerely;CBAD;SPORT
Állítsák sorrendbe északról dél felé haladva a felsorolt olasz városokat!;Milánó;Nápoly;Firenze;Róma;ACDB;FÖLDRAJZ
Állítsák uralkodásuk idõrendjébe a felsorolt brit uralkodókat!;I. (Oroszlánszívû) Richard;II. Erzsébet;Viktória;VIII. Henrik;ADCB;TÖRTÉNELEM
"Tegyék sorrendbe a nyelveket aszerint, hogy hányan beszélik anyanyelvként! Kezdjék a legelterjedtebbel!";mandarin kínai;olasz;arab;spanyol;ADCB;NYELV
"Állítsák sorba az állatokat aszerint, mennyi ideig vemhesek! Kezdjék a legrövidebbel!";kutya;csimpánz;elefánt;házi egér;DABC;BIOLÓGIA
Állítsák sorrendbe a növényi sejt részeit belülrõl kifelé haladva!;maghártya;sejtplazma;sejtmag;sejtfal;CABD;BIOLÓGIA
Állítsák a színésznõket pályakezdésük idõrendjébe!;Tolnay Klári;Fedák Sári;Básti Juli;Psota Irén;BADC;SZÍNHÁZ
Tegyék idõrendi sorrendbe a felsorolt labdarúgó szövetségi kapitányokat! Kezdjék a legkorábbival!;Illovszky Rudolf;Sebes Gusztáv;Hajós Alfréd;Bicskei Bertalan;CBAD;SPORT
Állítsák megfelelõ sorba az ismert József Attila-vers versszakkezdõ sorait!;Harminckétéves lettem én;Lehettem volna oktató;Harminckét évem elszelelt;Én egész népemet fogom;ACBD;IRODALOM
Tegyék idõrendbe a XIII. századi magyar történelem eseményeit!;Gertrúd halála;tatárjárás;IV. Béla koronázása;III. András koronázása;ACBD;TÖRTÉNELEM
Tegyék születésük idõrendjébe a felsorolt híres gitárosokat!;Jimi Hendrix;Bill Haley;Pat Metheny;Eric Clapton;BADC;ZENE
Állítsák idõrendi sorrendbe az Amerikai Egyesült Államok felsorolt elnökeit!;Ronald Reagan;George W. Bush;Dwight D. Eisenhower;Franklin D. Roosevelt;DCAB;TÖRTÉNELEM
Állítsák sorba a képzõmûvészeti alkotásokat nagyságuk szerint! Kezdjék a legkisebbel!;Mona Lisa;Feszty-körkép;Éjjeli õrjárat;Rõzsehordó nõ;ADCB;KÉPZÕMÛVÉSZET
Állítsák a Kossuth-díjas színészeket díjazásuk idõrendjébe!;Bessenyei Ferenc;Cserhalmi György;Garas Dezsõ;Kállai Ferenc;ADCB;SZÍNHÁZ
Állítsák a városokat jelenlegi nevük elsõ írásos említésének idõrendjébe!;Tihany;Dunaújváros;Makó;Budapest;ACDB;TÖRTÉNELEM
Tegyék csípõsségük szerint növekvõ sorrendbe a fûszerpaprika õrleményfajtákat!;csemege;rózsa;édesnemes;félédes;ACDB;KONYHA
Állítsák növekvõ sorrendbe a hegységeket legmagasabb csúcsaik megassága szerint!;Himalája;Alpok;Andok;Kilimandzsáró;BDCA;FÖLDRAJZ
Állítsák kitalálásuk idõrendjébe a híres irodalmi címszereplõnõket!;Jane Eyre;Nana;Elektra;Warrenné;CABD;IRODALOM
Állítsák aranyérmük megszerzésének idõrendjébe a felsorolt olimpiai bajnok vízilabdázóinkat!;Benedek Tibor;Halassy Olivér;Faragó Tamás;Gyarmati Dezsõ;BDCA;SPORT
Állítsák növekvõ sorrendbe a sokszögeket szögeik száma szerint!;hexagon;pentagon;trapéz;oktogon;CBAD;TUDOMÁNY
Tegyék sorrendbe az alábbi operákat felvonásaik száma szerint! Kezdjék a legkevesebbel!;Moscagni: Parasztbecsület;Mozart: A varázsfuvola;Gounod: Faust;Puccini: Tosca;ABDC;OPERA
Állítsák növekvõ sorrendbe a bolygókat a Földtõl való legnagyobb távolságuk szerint!;Vénusz;Neptunusz;Uránusz;Jupiter;ADCB;TUDOMÁNY
Tegyék népesség szerinti sorrendbe az alábbi magyar megyeszékhelyeket! Kezdjék a legnépesebbel!;Gyõr;Debrecen;Szekszárd;Szolnok;BADC;MAGYARORSZÁG
Tegyék születésük idõrendjébe a híres történelmi asszonyokat!;Salome;Mata Hari;Jeanne d' Arc;Indira Gandhi;ACBD;TÖRTÉNELEM
Állítsák a magyar filmvígjátékokat bemutatásuk idõrendjébe!;Hattyúdal;Állami Áruház;Ripacsok;Egészséges erotika;BACD;FILM
Állítsák sorba a legutóbbi olimpia magyar helyezettjeit! Kezdjék az aranyérmessel!;Nagy Tímea;Igaly Diána;Szabolcsi Szilvia;Márkus Erzsébet;ADBC;SPORT
"Tegyék sorrendbe a felsorolt zeneszerzõket aszerint, hogy hány szimfóniát írtak! Kezdjék a legkevesebbel!";Brahms;Bizet;Haydn;Beethoven;BADC;OPERA
Állítsák a városokat Budapesttõl való távolságuk növekvõ sorrendjébe!;Prága;Berlin;Tokió;London;ABDC;FÖLDRAJZ
"Állítsák sorba a képeket aszerint, hány alak van a témájuk középpontjában! Kezdjék a legkevesebbel!";Mona Lisa;Majális;Hajóvontatók a Volgán;Az Arnolfini házaspár;ADBC;KÉPZÕMÛVÉSZET
Állítsák növekvõ sorrendbe az országokat az egy fõre jutó bruttó hazai termék nagysága szerint!;Ausztrália;Egyiptom;Németország;Ghána;DBAC;ORSZÁGOK
"Állítsák sorba a külföldi költõket aszerint, hány évig éltek! Kezdjék a legrövidebb életûvel!";Goethe;Schiller;Shelley;Horatius;CBDA;IRODALOM
Tegyék beiktatásuk idõrendjébe a Magyar Tudományos Akadémia elnökeit!;Eötvös Loránd;Glatz Ferenc;Kosáry Domokos;Kodály Zoltán;ADCB;ÁLTALÁNOS
Tegyék rangjuk szerinti emelkedõ sorrendbe az alábbi római katolikus egyházi méltóságokat!;érsek;plébános;pápa;püspök;BDAC;VALLÁS
Tegyék születésük idõrendjébe a felsorolt francia zeneszerzõket!;Bizet;Berlioz;Rameau;Ravel;CBAD;OPERA
"Állítsák növekvõ sorrendbe a mozifilmeket aszerint, hogy hány rész készült belõlük!";A keresztapa;Mission: Impossible;Rocky;Halálos fegyver;BADC;FILM
Állítsák értékük emelkedõ sorrendjébe a magyar kártya lapjait! Kezdjék a legkisebbel!;felsõ;ász;alsó;király;CADB;JÁTÉK
Tegyék az országokat az általuk megnyert labdarúgó világbajnokságok száma szerinti növekvõ sorrendjébe!;Argentína;Olaszország;Franciaország;Brazília;CABD;SPORT
Tegyék keletkezésük szerinti idõrendbe az alábbi ismert verseket!;Húsvét elõtt;Nemzeti dal;A walesi bárdok;Himnusz;DBCA;IRODALOM
Állítsák sorrendbe a felsorolt országokat területük nagysága alapján! Kezdjék a legnagyobbal!;Andorra;Írország;Japán;Kanada;DCBA;FÖLDRAJZ
Állítsák idõrendbe Szörényi Levente mûveit!;"István, a király";Kõmûves Kelemen;"Attila, Isten kardja";A kiátkozott;BACD;ZENE
Állítsák idõrendi sorrendbe a következõ magyar hadvezéreket! Kezdjék a legkorábbival!;Zrínyi Miklós;Vak Bottyán;Bem József;Hunyadi János;DABC;TÖRTÉNELEM
Állítsák megalapításuk idõrendjébe a híres magyar intézményeket! Kezdjék a legkorábbival!;Operaház;az elsõ pécsi egyetem;Tudományos Akadémia;debreceni református kollégium;BDCA;MAGYARORSZÁG
Állítsák csökkenõ sorrendbe az alábbi országokat Sydneyben nyert aranyérmeik száma szerint!;Ausztrália;Kína;Románia;Magyarország;BACD;SPORT
Állítsák az ismert 20. századi politikusnõket születésük idõrendjébe!;Margaret Thatcher;Indira Gandhi;Rosa Luxemburg;Benazir Bhutto;CBAD;TÖRTÉNELEM
Tegyék születésük idõrendjébe az alábbi szenteket!;Péter apostol;Szent Imre herceg;Árpád-házi Szent Margit;Assisi Szent Ferenc;ABDC;VALLÁS
Tegyék sorba az alábbi mértani szögeket fokban kifejezett nagyságuk szerint! Kezdjék a legkisebbel!;derékszög;tompaszög;teljesszög;hegyesszög;DABC;TUDOMÁNY
Állítsák testméretük emelkedõ sorrendjébe az alábbi majmokat!;galléros pávián;ezüst selyemmajom;gorilla;mocsári cerkóf;BDAC;BIOLÓGIA
Állítsák csökkenõ sorrendbe a földrészeket legmagasabb pontjuk alapján!;Európa;Ázsia;Afrika;Dél-Amerika;BDCA;FÖLDRAJZ
Tegyék a magyar tudósokat Nobel-díjuk elnyerésének idõrendjébe!;Oláh György;Szent-Györgyi Albert;Bárány Róbert;Gábor Dénes;CBDA;TUDOMÁNY
Állítsák idõrendi sorrendbe az alábbi ókori uralkodókat! Kezdjék a legrégebbivel!;II. Ramszesz;Nagy Sándor;Tiberius;Xerxész;ADBC;TÖRTÉNELEM
Tegyék sorrendbe a futballistákat válogatottságuk száma szerint! Kezdjék a legkevesebbel!;Bozsik József;Sebõk Vilmos;Bene Ferenc;Törõcsik András;BDCA;SPORT
Tegyék születésük idõrendjébe az ismert magyar királynékat!;Erzsébet (Sissi);Meráni Gertrúd;Aragóniai Beatrix;Gizella;DBCA;TÖRTÉNELEM
Állítsák sorrendbe a felsorolt folyókat magyarországi hosszuk szerint! Kezdjék a leghosszabbal!;Rába;Duna;Hernád;Tisza;DBAC;FÖLDRAJZ
Tegyék bemutatásuk idõrendjébe a felsorolt Andrew Lloyd Webber-musicaleket!;Az Operaház fantomja;Macskák;Evita;Jézus Krisztus szupersztár;DCBA;ZENE
Állítsák idõrendi sorrendbe az alábbi feltalálókat! Kezdjék a legkorábbival!;Jedlik Ányos;Arkhimédész;Neumann János;Johannes Gutenberg;BDAC;TECHNIKA
Tegyék születésük idõrendjébe az alábbi magyar énekesnõket!;Szûcs Judith;Szulák Andrea;Orsi;Kovács Kati;DABC;ZENE
Állítsák a magyar filmeket bemutatásuk idõrendjébe!;Bakaruhában;Budapesti tavasz;Álmodozások kora;A nagy generáció;BACD;FILM
Tegyék idõrendbe a Széchenyi István életével kapcsolatos eseményeket!;a Hitel megjelenése;az MTA alapítása;a Lánchíd megnyitása;döblingi röpiratok;BACD;TÖRTÉNELEM
Tegyék idõrendbe a Római Birodalom nevezetes korszakait! Kezdjék a legkorábbival!;Augustus császársága;etruszk királyok kora;köztársaság kora;katonacsászárok uralma;BCAD;TÖRTÉNELEM
Állítsák a mozihõsöket elsõ filmvászonra lépésük idõrendjébe!;Piedone;James Bond;Luke Skywalker;Indiana Jones;BACD;FILM
Állítsák a városokat a Budapesttõl számított idõeltolódás sorrendjébe! Kezdjék a legkevesebbel!;Las Vegas;London;Rio de Janeiro;New York;BCDA;FÖLDRAJZ
Tegyék uralkodásuk idõtartama szerinti növekvõ sorrendbe az alábbi magyar királyokat!;Luxemburgi Zsigmond;Mátyás;II. József;IV. Károly;DCBA;TÖRTÉNELEM
Állítsák a fogalmakat a Párizsban járt az Õsz címû versben való megjelenésük sorrendjébe!;Õsz;Párizs;Szent Mihály útja;Szajna;BACD;IRODALOM
Tegyék születésük idõrendjébe az ismert egyházi személyeket!;Szent Gellért;Mindszenty József;Pázmány Péter;Bakócz Tamás;ADCB;VALLÁS
Állítsák pályakezdésük idõrendjébe a magyar színésznõket!;Csûrös Karola;Komlós Juci;Ivancsics Ilona;Malek Andrea;BACD;SZÍNHÁZ
Állítsák az állatokat jellegzetes élõhelyeik észak-déli sorrendjébe!;rénszarvas;óriáspanda;császárpingvin;bozótkenguru;ABDC;BIOLÓGIA
"Állítsák sorrendbe a miniszterelnököket aszerint, hány évesen léptek hivatalba! Kezdjék a legfiatalabbal!";Batthyány Lajos;Hegedûs András;Antall József;Horn Gyula;BACD;TÖRTÉNELEM
Állítsák bemutatásuk idõrendjébe a következõ Oscar-díjas filmeket! Kezdjék a legkorábbival!;Ben Hur;Biciklitolvajok;Titanic;Esõember;BADC;FILM
Állítsák sorba az alábbi fõvárosokat lakosságuk száma szerint! Kezdjék a legkevesebbel!;Párizs;Vaduz;Bécs;London;BCAD;ORSZÁGOK
Tegyék születésük idõrendjébe a neves francia személyiségeket!;Richelieu bíboros;De Gaulle;Danton;IX. (Szent) Lajos;DACB;TÖRTÉNELEM
Állítsák megfelelõ sorrendbe az ismert népdal sorait!;miért nem virágoztál;"szerelem, szerelem";minden falevelen;átkozott gyötrelem;BDAC;IRODALOM
Állítsák növekvõ sorrendbe az országokat területük nagysága szerint!;Liechtenstein;Belgium;Chile;Dánia;ABDC;FÖLDRAJZ
Állítsák születésük idõrendjébe a felsorolt híres magyar operaénekeseket!;Simándy József;Polgár László;Székely Mihály;Melis György;CADB;OPERA
Állítsák a párosokat a Bibliában való megjelenésük sorrendjébe!;Ádám és Éva;József és Putifárné;Ábrahám és Sára;Sámson és Delila;ACBD;VALLÁS
Állítsák idõrendi sorrendbe a következõ történeti korszakokat! Kezdjék a legrégebbivel!;bronzkorszak;kõkorszak;vaskorszak;rézkorszak;BDAC;TÖRTÉNELEM
Állítsák csökkenõ sorrendbe a tavakat területük nagysága szerint!;Kaszpi-tenger;Bajkál-tó;Balaton;Huron-tó;ADBC;FÖLDRAJZ
Állítsák születésük idõrendjébe a felsorolt francia irodalmárokat! Kezdjék a legkorábbival!;La Fontaine;Victor Hugo;Apollinaire;Villon;DABC;IRODALOM
Tegyék felfedezésük idõrendjébe az alábbi kémiai elemeket!;rádium;arany;hidrogén;nátrium;BCDA;TUDOMÁNY
Állítsák az Orient Expressz egykori állomásait kelet-nyugati sorrendbe!;Bécs;München;Bukarest;Budapest;CDAB;FÖLDRAJZ
Állítsák Arany János Toldijának szereplõit a mûben való megjelenésük sorrendjébe!;Laczfi Endre;Bence;Toldi György;cseh vitéz;ACBD;IRODALOM
Állítsák születésük sorrendjébe a török elleni harc jelentõs hadvezéreit!;Hunyadi János;Zrínyi Miklós;Tomori Pál;Savoyai Jenõ;ACBD;TÖRTÉNELEM
Állítsák a filmsztárokat születésük idõrendjébe!;John Wayne;Charles Bronson;Tom Cruise;Tom Hanks;ABDC;FILM
Állítsák a híres nõket születésük idõrendjébe!;Lucrezia Borgia;Marie Curie;Madame de Pompadour;Szappho;DACB;ÁLTALÁNOS
Tegyék bemutatásuk idõrendjébe az alábbi baletteket!;Stravinsky: Tûzmadár;Delibes: Coppélia;Presser: A próba;Csajkovszkij: Diótörõ;BDAC;MÛVÉSZET
Állítsák készítésük idõrendjébe Sylvester Stallone filmjeit!;Rocky;Rambo;A specialista;Tango és Cash;ABDC;FILM
Állítsák nyugat-keleti sorrendbe a Balaton északi partján fekvõ településeket!;Balatonfüred;Balatonalmádi;Révfülöp;Szigliget;DCAB;FÖLDRAJZ
Állítsák megfelelõ sorrendbe az ismert Petõfi-vers sorait!;"Reszket a lelkem, mert";Madárka szállott rá.;Eszembe jutottál.;"Reszket a bokor, mert";DBAC;IRODALOM
Tegyék idõrendbe a 2000-es év nagy sporteseményeit!;olimpiai játékok;nõi kézilabda Európa-bajnokság;Bajnokok Ligája döntõ-foci;"Forma 1,Magyar Nagydíj";CDAB;SPORT
Állítsák sorba a Budapest-Debrecen vasútvonal állomásait a fõvárosból indulva!;Cegléd;Szolnok;Hajdúszoboszló;Karcag;ABDC;FÖLDRAJZ
Tegyék beiktatásuk idõrendjébe az USA elnökeit!;Harry Truman;Thomas Jefferson;Lyndon B. Johnson;Ulysses S. Grant;BDAC;TÖRTÉNELEM
Állítsák idõrendi sorrendbe az alábbi Oscar-díjas filmeket! Kezdjék a legkorábbival!;Tûzszekerek;Schindler listája;Ben Hur;My Fair Lady;CDAB;FILM
Állítsák hivatalba lépésük idõrendjébe a közoktatással foglalkozó minisztereket!;Eötvös József;Fodor Gábor;Pokorni Zoltán;Mádl Ferenc;ADBC;TÖRTÉNELEM
"Állítsák sorba a zeneszerzõket aszerint, hány évig éltek! Kezdjék a legrövidebb életûvel!";Mozart;Chopin;Liszt Ferenc;Bartók Béla;ABDC;OPERA
Állítsák területük szerinti növekvõ sorrendbe az alábbi szigeteket!;Jáva;Ciprus;Sri Lanka;Málta;DBCA;FÖLDRAJZ
Állítsák életkoruk szerint sorba A kõszívû ember fiai címû regény szereplõit! Kezdjék a legfiatalabbal!;Baradlay Kazimir;Baradlay Richárd;Baradlay Ödön;Baradlay Jenõ;DBCA;IRODALOM
Tegyék megalakulásuk idõrendjébe a politikai-katonai szövetségeket!;Szent Szövetség;antant;SEATO;NATO;ABDC;TÖRTÉNELEM
Tegyék nagyság szerinti sorrendbe a felsorolt római számokat! Kezdjék a legkisebbel!;XC;MM;DI;IV;DACB;ÁLTALÁNOS
Állítsák születésük idõrendjébe a magyar színészeket!;Rátonyi Róbert;Feleki Kamill;Bodrogi Gyula;Rudolf Péter;BACD;SZÍNHÁZ
Állítsák sorba az országokat mûködõ atomerõmûveik száma szerint! Kezdjék a legkevesebbel!;Franciaország;USA;Ukrajna;Koreai Köztársaság;DCAB;ORSZÁGOK
Állítsák történési sorrendbe a Bartók Béla életével kapcsolatos eseményeket!;elsõ népdalgyûjtõ körút;tanórák Erkel Lászlótól;emigráció;"""A kékszakállú …"" megírása";BADC;OPERA
Állítsák keletkezési sorrendbe az alábbi regényeket! Kezdjék a legkorábbival!;A kõszívû ember fiai;Légy jó mindhalálig;Egri csillagok;A Pál utcai fiúk;ACDB;IRODALOM
Állítsák sorba a Jézus feltámadásával kapcsolatos eseményeket János evangéliuma szerint!;az üres sír felfedezése;az utolsó vacsora;Barrabás elengedése;Lázár feltámasztása;DBCA;VALLÁS
Tegyék kialakulásuk idõrendjébe az alábbi híres államokat!;Kelet-Római Birodalom;Egyiptomi Birodalom;Osztrák-Magyar Monarchia;Német-Római Császárság;BADC;TÖRTÉNELEM
Állítsák forgatásuk idõrendjébe az Arnold Schwarzenegger fõszereplésével készült filmeket!;Terminátor;Ikrek;"Conan, a barbár";Az utolsó akcióhõs;CABD;FILM
Tegyék a 2000-es olimpia futóit aranyérmes számuk távjának sorrendjébe! Kezdjék a rövidtávval!;Haile Gebrselassie;Konsztantinosz Kenterisz;Michael Johnson;Maurice Greene;DBCA;SPORT
Tegyék a magyar történelembõl ismert szenteket elhalálozásuk idõrendjébe!;Szent László;Szent István;Szent Gellért;Szent Margit;BCAD;TÖRTÉNELEM
Tegyék a játékosok számának emelkedõ sorrendjébe az alábbi kártyajátékokat!;piké;bridzs;császárpasziánsz;rablóulti;CADB;JÁTÉK
Állítsák az alábbi filmsztárokat szülétésük idõrendjébe!;James Stewart;Spencer Tracy;Al Pacino;Nicolas Cage;BACD;FILM
Tegyék általánosan elfogadott létszámuk emelkedõ sorrendjébe a mitikus lényeket!;gráciák;múzsák;danaidák;Oidipusz lányai;DABC;VALLÁS
Állítsák forgatásuk idõrendjébe a Marlon Brando szereplésével készült filmeket!;A vágy villamosa;Oroszlánkölykök;Apokalipszis most;A keresztapa;ABDC;FILM
Állítsák növekvõ sorrendbe a tengereket területük nagysága szerint!;Márvány-tenger;Vörös-tenger;Jeges-tenger;Földközi-tenger;ABDC;FÖLDRAJZ
Állítsák hivatalba lépésük idõrendjébe a következõ magyar miniszterelnököket! Kezdjék a legkorábbival!;Tisza Kálmán;Bethlen István;Nagy Imre;Batthyány Lajos;DABC;TÖRTÉNELEM
Állítsák megfelelõ sorrendbe a Kõmíves Kelemenné címû népballada sorait!;amit raktak estig;amit raktak délig;leomlott röggelre;leomlott estére;BDAC;IRODALOM
Állítsák sorrendbe területük szerint az alábbi sivatagokat! Kezdjék a legnagyobbal!;Szahara;Kara-kum;Góbi;Atacama;ACBD;FÖLDRAJZ
Tegyék területük nagysága szerinti növekvõ sorrendbe Nagy-Britannia részeit és külbirtokait!;Wales;Skócia;Szent Ilona szigete;Man-sziget;CDAB;FÖLDRAJZ
Állítsák sorba a magyar szabadságharc eseményeit! Kezdjék a legkorábbival!;pákozdi csata;Batthyány beiktatása;debreceni trónfosztás;segesvári csata;BACD;TÖRTÉNELEM
Állítsák a Tisza mellékfolyóit a folyó folyásirányának megfelelõ sorrendbe!;Túr;Sajó;Bodrog;Maros;ACBD;FÖLDRAJZ
Tegyék születésük sorrendjébe a felsorolt matematikusokat!;Karl Friedrich Gauss;Neumann János;Bolyai János;Euklidész;DACB;TUDOMÁNY
Tegyék születésük idõrendjébe a világtörténelem alábbi császárait!;Nagy Konstantin;Rõtszakállú Frigyes;Napóleon;Ferenc József;ABCD;TÖRTÉNELEM
Tegyék sorrendbe a felsorolt ázsiai országokat területük nagysága szerint! Kezdjék a legnagyobbal!;Japán;Pakisztán;Izrael;Kína;DBAC;FÖLDRAJZ
Állítsák magyarországi bemutatásuk idõrendjébe az alábbi musicaleket!;Elisabeth;West Side Story;Macskák;Hegedûs a háztetõn;BDCA;SZÍNHÁZ
Tegyék sorba a ház szintjeit! Kezdjék a legalsóval!;tetõtér;alagsor;emelet;magasföldszint;BDCA;ÁLTALÁNOS
Állítsák területük nagysága szerinti sorrendbe az alábbi európai miniállamokat! Kezdjék a legkisebbel!;Vatikán;Liechtenstein;Monaco;San Marino;ACDB;FÖLDRAJZ
Állítsák sorba a 6-os út melletti településeket a fõváros felé haladva!;Pécs;Szekszárd;Dunaújváros;Paks;ABDC;FÖLDRAJZ
Tegyék közös államhatáraink hossza szerinti csökkenõ sorrendbe Magyarország szomszédait!;Szlovénia;Horvátország;Románia;Szlovákia;DCBA;ORSZÁGOK
Állítsák olimpiai aranyérmük elnyerésének idõrendjébe az alábbi kalapácsvetõket!;Zsivótzky Gyula;Kiss Balázs;Németh Imre;Csermák József;CDAB;SPORT
Tegyék idõrendbe a felsorolt angol hadvezéreket!;Sir Francis Drake;Nelson admirális;Montgomery tábornagy;Oliver Cromwell;ADBC;TÖRTÉNELEM
Tegyék a bennük szereplõ hangszerek számának növekvõ sorrendjébe az alábbi zenei együtteseket!;kvartett;oktett;vonóstrió;fúvósötös;CADB;OPERA
Állítsák a filmrendezõket születésük idõrendjébe!;Szabó István;Luc Besson;Ingmar Bergman;Jancsó Miklós;CDAB;FILM
Tegyék sorrendbe a periódusos rendszer elemeit! Kezdjék a legkisebb rendszámúval!;oxigén;hidrogén;réz;urán;BACD;TUDOMÁNY
Tegyék az országokat az I. világháborúba való belépésük sorrendjébe!;Amerikai Egyesült Államok;Osztrák-Magyar Monarchia;Olaszország;Törökország;BDCA;TÖRTÉNELEM
Állítsák megfelelõ sorrendbe a Petõfi-mûbõl idézett versrészleteket!;Elõre;Trombita harsog;Kész a csatára a sereg;Dob pereg;BDCA;IRODALOM
Állítsák a cannes-i fesztivál fõdíjas filmjeit díjazásuk idõrendjébe!;Ponyvaregény;Szállnak a darvak;Apokalipszis most;Nagyítás;BDCA;FILM
Állítsák állandó tagjaik száma szerinti növekvõ sorrendbe az alábbi együtteseket!;Republic;Tankcsapda;TNT;Bergendy Szalonzenekar;CBAD;ZENE
Állítsák a Duna folyásírányának megfelelõ sorrendbe a felsorolt fõvárosokat!;Budapest;Bécs;Pozsony;Belgrád;BCAD;FÖLDRAJZ
Állítsák uralkodásuk sorrendjébe az alábbi Árpád-házi királyokat!;I. István;IV. (Kun) László;I. László;III. Béla;ACDB;TÖRTÉNELEM
Állítsák irõrendbe a magyar labdarúgás legendás gólkirályait!;Zsengellér Gyula;Dunai II Antal;Schlosser Imre;Kocsis Sándor;CADB;SPORT
Tegyék sorrendbe az alábbi szigeteket az Egyenlítõtõl való távolságuk szerint! Kezdjék a legközelebbivel!;Izland;Ciprus;Szardínia;Sri Lanka;DBCA;FÖLDRAJZ
Tegyék születésük sorrendjébe a következõ neves csillagászokat!;Halley;Ptolemaiosz;Kepler;Kopernikusz;BDCA;TUDOMÁNY
Állítsák sorba az európai kikötõvárosokat keletrõl nyugat felé haladva!;Gdansk;Rotterdam;Koppenhága;Le Havre;ACBD;FÖLDRAJZ
"Tegyék sorba a városokat aszerint, hányas autópálya közelében fekszenek! Kezdjék az M1-es mellettivel!";Hatvan;Gyõr;Kecskemét;Székesfehérvár;BACD;MAGYARORSZÁG
Tegyék sorba a jelenleg vert magyar pénzérméket átmérõjük szerint! Kezdjék a legnagyobbal!;ötforintos;százforintos;húszforintos;kétforintos;CBAD;ÁLTALÁNOS
Állítsák díjazásuk idõrendjébe a cannes-i filmfesztivál Arany Pálmás filmjeit!;Taxisofõr;M.A.S.H.;Egy férfi és egy nõ;Az édes élet;DCBA;FILM
Állítsák sorba az országokat erdõs területeik nagysága szerint! Kezdjék a legkevesebbel!;Oroszország;Ausztrália;USA;Magyarország;DBCA;ORSZÁGOK
Állítsák maximális testhosszuk emelkedõ sorrendjébe az alábbi kígyókat!;nagy anakonda;közönséges boa;homoki vipera;pápaszemes kobra;CDBA;BIOLÓGIA
Állítsák alapításuk idõrendjébe az alábbi magyar templomokat!;az esztergomi bazilika;a pannonhalmi apátság;a jáki templom;az egri minorita templom;BCDA;ÉPÍTÉSZET
Állítsák az Al Pacino szereplésével forgatott filmeket készítésük idõrendjébe!;Dick Tracy;Keresztapa;Serpico;Egy asszony illata;BCAD;FILM
Tegyék sorrendbe az alábbi fémeket olvadáspontjuk alapján! Kezdjék a legalacsonyabbal!;alumínium;ón;ezüst;vas;BACD;TUDOMÁNY
Tegyék sorrendbe az országokat a római katolikus vallást gyakorlók aránya szerint! Kezdjék a legtöbbel!;Lengyelország;Vatikán;Japán;Hollandia;BADC;VALLÁS
Tegyék idõrendbe az Egyesült Államok alábbi elnökeit!;Abraham Lincoln;Bill Clinton;Woodrow Wilson;John F. Kennedy;ACDB;TÖRTÉNELEM
Tegyék magasság szerinti növekvõ sorrendbe az alábbi szolmizációs hangokat!;fa;re;ti;la;BADC;OPERA
Állítsák irõrendbe a francia forradalom eseményeit!;XVI. Lajos szökése;a Bastille elfoglalása;Robespierre kivégzése;Danton kivégzése;BADC;TÖRTÉNELEM
"Tegyék emelkedõ sorrendbe a gázokat aszerint, hogy hány százalékban alkotóelemei a levegõnek!";argon;oxigén;nitrogén;kripton;DABC;TUDOMÁNY
Állítsák növekvõ sorrendbe a szigeteket területük nagysága szerint!;Bali;Madagaszkár;Tajvan;Grönland;ACBD;FÖLDRAJZ
Tegyék idõrendbe az 1980-as évek eseményeit!;Farkas Bertalan az ûrben;Los Angeles-i olimpia;a KISZ megszûnése;mexikói foci-vb;ABDC;ÁLTALÁNOS
Állítsák a szélességi köröket a Déli-sarkkörtõl való távolságuk növekvõ sorrendjébe!;Baktérítõ;Ráktérítõ;Egyenlítõ;Északi-sarkkör;ACBD;TUDOMÁNY
Tegyék bemutatásuk idõrendjébe a felsorolt zenés színpadi mûveket!;My Fair Lady;A víg özvegy;Macskák;A denevér;DBAC;SZÍNHÁZ
Tegyék Forma 1-es világbajnoki gyõzelemeinek száma szerinti növekvõ sorrendbe az autóversenyzõket!;Jacques Villeneuve;Michael Schumacher;Ayrton Senna;Mika Hakkinen;ADCB;SPORT
Állítsák csökkenõ sorrendbe az égitesteket átmérõjük hossza szerint!;Hold;Nap;Föld;Mars;BCDA;TUDOMÁNY
Állítsák születésük idõrendjébe a híres hadvezéreket!;Miltiadész;Periklész;Julius Caesar;Hannibál;ABDC;TÖRTÉNELEM
Tegyék erõsségük szerint sorba az ulti bemondásait! Kezdjék a leggyengébbel!;ulti;piros ulti;piros terített durchmars;piros 40-100 ulti;ABDC;JÁTÉK
Állítsák Nobel-díjasaik számának növekvõ sorrendjébe az alábbi országokat!;Svédország;Kína;Amerikai Egyesült Államok;Nagy-Britannia;BADC;TUDOMÁNY
Állítsák területük nagysága szerinti növekvõ sorrendbe az alábbi dél-amerikai országokat!;Suriname;Argentína;Kolumbia;Brazília;ACBD;ORSZÁGOK
Állítsák a Forma 1-es versenyzõket 2001-es összetett helyezésük sorrendjébe! Kezdjék az elsõvel!;Michael Schumacher;Ralf Schumacher;David Coulthard;Mika Hakkinen;ACBD;SPORT
Tegyék olvadáspontjuk szerint növekvõ sorrendbe a felsorolt kémiai elemeket!;ólom;nátrium;vas;alumínium;BADC;TUDOMÁNY
Állítsák nyugat-keleti sorrendbe a transzszibériai vasút állomásait!;Vlagyivosztok;Irkutszk;Omszk;Moszkva;DCBA;FÖLDRAJZ
